

Database Commands:

create table users ( id serial primary key,name varchar(100),email varchar(100), phone varchar(100), password varchar(100));

create table products ( id serial primary key,name varchar(1000),price int, discount int, image varchar(100), description varchar(100));

create table orders ( id serial primary key , delivery_at int, store_name varchar(1000),total_amount int, expected_delivery_at int, status  varchar(30), ordered_at int);

create table cart ( product_id int ,product_quantity int,user_id int);

create table order_items( order_id int, product_id int, product_quantity int);

create table addresses (id serial primary key, user_id int, address varchar(1000), label varchar(100));



"update products set name = {name}, price  = {price}, discount={discount}, image={image}, description={description}"

"update users set name = {name}, price  = {price}"

"update addresses set address = {address} where user_id={user_id}"

"update users set password = {new_password} where id={user_id}"

DELETE FROM addresses where id={address_id} AND user_id={user_id}";

DELETE FROM users where id=23;


"select total_amount from orders where order_items.order_id={order_id}"



query = "insert into cart (product_id int ,quantity int,user_id int) values ({product_id}, {product_quantity}) "

cart table==join

select products.id, products.name, products.price, products.discount, products.image, cart.product_quantity
from cart
inner join products on cart.product_id=products.id;

select products.*, cart.product_quantity
from products
left join cart  on products.id=cart.product_id;


SELECT column_name(s)
FROM table1
INNER JOIN table2
ON table1.column_name = table2.column_name;

ALTER TABLE orders
ADD user_id int;


"insert into orders(store_name , total_amount) values ('sonu store', "+ cart_info['total_amount'] +")"

"insert into users(name,email,password,role) values('admin','admin@gmail.com','123','ADMIN')"

"insert into products(name, price, image,description) values({name}, {price}, {image},{description})"




"select order_items.*,products.id, products.image, products.price,products.name from order_items left join products on order_items.order_id=products.id" where order_items.order_id=


select products.*, COALESCE(cart.product_quantity, 0) as product_quantity from products left join cart  on products.id=cart.product_id AND cart.user_id={user_id} WHERE name like {search_key} 


select orders*,users.name AS farmer_name from orders left join users on users.id= farmer_id where id={order_id}

"select orders.*,addresses.address from orders left join addresses on orders.address_id=addresses.id order by id desc"


delet
import database
import time

int(time.time())

ALTER TABLE adderss
DROP COLUMN user_type;

ALTER TABLE adderss
ADD COLUMN label ;

ALTER TABLE orders
ADD COLUMN ordered_at int

ALTER TABLE users ADD COLUMN role varchar(20)

ALTER TABLE orders ADD COLUMN address_id int;

ALTER TABLE products ADD COLUMN farmer_id int;




ALTER TABLE users ADD COLUMN latitude real;

ALTER TABLE users ADD COLUMN longitude real;

ALTER TABLE addresses ADD COLUMN latitude real;

ALTER TABLE addresses ADD COLUMN longitude real;




ALTER TABLE orders
ADD COLUMN expect_delivery  int;

ALTER TABLE orders
ADD COLUMN status  varchar(30);

ALTER TABLE orders ADD COLUMN paid int;

ALTER TABLE table_name 
RENAME column_name TO new_column_name varchar(30);


ALTER TABLE orders RENAME delivery_date TO delivery_at;

ALTER TABLE orders ADD COLUMN farmer_id int;

ALTER TABLE orders ADD COLUMN delivery_person_id int;


ALTER TABLE orders RENAME expect_delivery TO expected_delivery_at;


UPDATE table_name
SET column1 = value1, column2 = value2, ...
WHERE condition;

("update orders set delivery_person_id={delivery_person_id} where id={order_id}",frontend_dict)

UPDATE orders
SET status = frontend_dict.status
WHERE orders.id=frontend_dict.id;

update users set account_ststus=frontend_dict.account_status

"select orders.* ,users.name,farmers.name as farmers_name,farmers.address as farmer_address, addresses.address form orders left join users on orders.user_id = users.id left join addresses on orders.address_id=addresses.id left join users as farmers on orders.farmer_id= farmers.id "




"select orders.* ,users.name,farmers.name,farmers.address as , addresses.address form orders left join users on orders.user_id = users.id left join addresses on orders.address_id=addresses.id left join users as farmers on orders.farmer_id= farmers.id "






 id | delivery_at | store_name | total_amount | ordered_at | expected_delivery_at | status  | user_id | address_id | paid | farmer_id | delivery_person_id 
----+-------------+------------+--------------+------------+----------------------+---------+---------+------------+------+-----------+--------------------
 40 |             | sonu store |          160 | 1615049148 |           1615221948 | ORDERED |      21 |         14 |    0 |        22 |                 18
(1 row)


id |  name  |     email     | phone  | password | address |      role       | account_status 
----+--------+---------------+--------+----------+---------+-----------------+----------------
 18 | champu | abc@gmail.com | 112232 | 123      |         | DELIVERY_PERSON | ACTIVE
(1 row)


select cart.product_quantity, products.price, cart.product_quantity * products.price as total_amount from cart inner join products on cart.product_id=products.id;


"select products.farmer_id from cart left jion products on cart.product_id=products.id";

select sum(cart.product_quantity * products.price) as total_amount from cart inner join products on cart.product_id=products.id

"insert into orders(store_name , total_amount) values ()"


"insert into users(address) values(address)"

ALTER TABLE users ADD COLUMN address varchar(1000);

ALTER TABLE adderss ADD COLUMN label varchar(1000);

SELECT price FROM products
ORDER BY price DESC;

SELECT COUNT(id)FROM products;

